"id","name","nameEn","type","players","lvl","expansion","boss_count","mech_count","avg_desc","bilingual_pct","mnemonic_count","total_tips","role_tips","has_primal_suffix","has_zh_name","has_en_name","tier"
"aac_cruiserweight_m1","阿卡狄亞登天鬥技場 中量級1","AAC Cruiserweight M1","raid","8","100","7.x 黃金的遺產 (Dawntrail)","1","14","25.1","100","5","14","4","False","True","True","完整"
"aac_cruiserweight_m1_savage","阿卡狄亞零式登天鬥技場 中量級1","AAC Cruiserweight M1 (Savage)","raid","8","100","7.x 黃金的遺產 (Dawntrail)","1","25","38.6","96","6","31","5","False","True","True","完整"
"aac_cruiserweight_m2","阿卡狄亞登天鬥技場 中量級2","AAC Cruiserweight M2","raid","8","100","7.x 黃金的遺產 (Dawntrail)","1","7","29.4","85.7","5","10","4","False","True","True","完整"
"aac_cruiserweight_m2_savage","阿卡狄亞零式登天鬥技場 中量級2","AAC Cruiserweight M2 (Savage)","raid","8","100","7.x 黃金的遺產 (Dawntrail)","1","14","48.9","100","6","29","4","False","True","True","完整"
"aac_cruiserweight_m3","阿卡狄亞登天鬥技場 中量級3","AAC Cruiserweight M3","raid","8","100","7.x 黃金的遺產 (Dawntrail)","1","11","33.5","100","5","12","4","False","True","True","完整"
"aac_cruiserweight_m3_savage","阿卡狄亞零式登天鬥技場 中量級3","AAC Cruiserweight M3 (Savage)","raid","8","100","7.x 黃金的遺產 (Dawntrail)","1","22","33.8","86.4","6","25","8","False","True","True","完整"
"aac_cruiserweight_m4","阿卡狄亞登天鬥技場 中量級4","AAC Cruiserweight M4","raid","8","100","7.x 黃金的遺產 (Dawntrail)","1","10","27.5","90","5","11","4","False","True","True","完整"
"aac_cruiserweight_m4_savage","阿卡狄亞零式登天鬥技場 中量級4","AAC Cruiserweight M4 (Savage)","raid","8","100","7.x 黃金的遺產 (Dawntrail)","1","21","46.9","100","6","36","10","False","True","True","完整"
"aac_heavyweight_m1","AAC 重量級 M1","AAC Heavyweight M1","raid","8","100","7.x 黃金的遺產 (Dawntrail)","1","11","108.1","100","3","11","5","False","True","True","完整"
"aac_heavyweight_m2","阿卡狄亞登天鬥技場 重量級2","AAC Heavyweight M2","raid","8","100","7.x 黃金的遺產 (Dawntrail)","1","14","39.3","100","5","18","5","False","True","True","完整"
"aac_heavyweight_m3","阿卡狄亞登天鬥技場 重量級3","AAC Heavyweight M3","raid","8","100","7.x 黃金的遺產 (Dawntrail)","1","21","42.2","100","6","27","7","False","True","True","完整"
"aac_heavyweight_m4","阿卡狄亞登天鬥技場 重量級4","AAC Heavyweight M4","raid","8","100","7.x 黃金的遺產 (Dawntrail)","1","13","34.7","100","6","19","4","False","True","True","完整"
"aac_light-heavyweight_m1","AAC 中量級 M1 - 黑貓","AAC Light-heavyweight M1 - Black Cat","raid","8","100","7.x 黃金的遺產 (Dawntrail)","1","6","28.7","100","8","6","3","True","True","True","完整"
"aac_light-heavyweight_m1_savage","阿卡狄亞零式登天鬥技場 輕量級1","AAC Light-heavyweight M1 (Savage)","raid","8","100","7.x 黃金的遺產 (Dawntrail)","1","21","56.3","95.2","6","48","17","False","True","True","完整"
"aac_light-heavyweight_m2","阿卡狄亞登天鬥技場 輕量級2","AAC Light-heavyweight M2","raid","8","100","7.x 黃金的遺產 (Dawntrail)","1","11","28.7","90.9","4","15","2","False","True","True","完整"
"aac_light-heavyweight_m2_savage","阿卡狄亞零式登天鬥技場 輕量級2","AAC Light-heavyweight M2 (Savage)","raid","8","100","7.x 黃金的遺產 (Dawntrail)","1","17","46","94.1","5","27","4","False","True","True","完整"
"aac_light-heavyweight_m3","阿卡狄亞登天鬥技場 輕量級3","AAC Light-heavyweight M3","raid","8","100","7.x 黃金的遺產 (Dawntrail)","1","11","27.1","100","5","13","2","False","True","True","完整"
"aac_light-heavyweight_m3_savage","阿卡狄亞零式登天鬥技場 輕量級3","AAC Light-heavyweight M3 (Savage)","raid","8","100","7.x 黃金的遺產 (Dawntrail)","1","17","51","88.2","6","27","5","False","True","True","完整"
"aac_light-heavyweight_m4","阿卡狄亞登天鬥技場 輕量級4","AAC Light-heavyweight M4","raid","8","100","7.x 黃金的遺產 (Dawntrail)","1","11","34.2","100","6","15","3","False","True","True","完整"
"aac_light-heavyweight_m4_savage","阿卡狄亞零式登天鬥技場 輕量級4","AAC Light-heavyweight M4 (Savage)","raid","8","100","7.x 黃金的遺產 (Dawntrail)","1","25","54.2","92","6","45","5","False","True","True","完整"
"abyssal_fracture","深淵裂縫 - 澤洛姆斯","The Abyssal Fracture - Zeromus","trial","8","90","6.x 曉月之終途 (Endwalker)","1","7","42","85.7","8","7","4","True","True","True","完整"
"abyssal_fracture_extreme","深淵裂縫 (殲殛戰) - 澤洛姆斯","The Abyssal Fracture (Extreme) - Zeromus","trial","8","90","6.x 曉月之終途 (Endwalker)","1","7","47.7","100","7","8","5","True","True","True","完整"
"abyssos_the_eighth_circle","萬魔殿 煉淨之獄4","Abyssos: The Eighth Circle","raid","8","90","6.x 曉月之終途 (Endwalker)","1","8","32.8","100","6","8","2","False","True","True","完整"
"abyssos_the_eighth_circle_savage","萬魔殿 煉淨之獄零式4","Abyssos: The Eighth Circle (Savage)","raid","8","90","6.x 曉月之終途 (Endwalker)","1","15","56.3","100","8","21","5","False","True","True","完整"
"abyssos_the_fifth_circle","萬魔殿 煉淨之獄1","Abyssos: The Fifth Circle","raid","8","90","6.x 曉月之終途 (Endwalker)","1","5","50.2","80","5","5","2","False","True","True","完整"
"abyssos_the_fifth_circle_savage","萬魔殿 煉淨之獄零式1","Abyssos: The Fifth Circle (Savage)","raid","8","90","6.x 曉月之終途 (Endwalker)","1","11","62.5","100","8","18","7","False","True","True","完整"
"abyssos_the_seventh_circle","萬魔殿 煉淨之獄3","Abyssos: The Seventh Circle","raid","8","90","6.x 曉月之終途 (Endwalker)","1","6","34.5","100","5","6","2","False","True","True","完整"
"abyssos_the_seventh_circle_savage","萬魔殿 煉淨之獄零式3","Abyssos: The Seventh Circle (Savage)","raid","8","90","6.x 曉月之終途 (Endwalker)","1","11","47.1","100","8","15","6","False","True","True","完整"
"abyssos_the_sixth_circle","萬魔殿 煉淨之獄2","Abyssos: The Sixth Circle","raid","8","90","6.x 曉月之終途 (Endwalker)","1","6","38.5","100","5","7","1","False","True","True","完整"
"abyssos_the_sixth_circle_savage","萬魔殿 煉淨之獄零式2","Abyssos: The Sixth Circle (Savage)","raid","8","90","6.x 曉月之終途 (Endwalker)","1","11","61.8","100","8","14","5","False","True","True","完整"
"aery","尼德霍格之巢","The Aery","dungeon","4","60","3.x 蒼穹的禁城 (Heavensward)","3","10","38.3","100","3","10","6","False","True","True","完整"
"aetherfont","以太之泉","The Aetherfont","dungeon","4","90","6.x 曉月之終途 (Endwalker)","3","12","38.5","100","3","12","6","False","True","True","完整"
"aetherochemical_research_facility","以太化學研究所","The Aetherochemical Research Facility","dungeon","4","60","3.x 蒼穹的禁城 (Heavensward)","4","27","92","88.9","4","27","6","False","True","True","完整"
"ageless_necropolis","永恆之死城 - 尼克倫","The Ageless Necropolis - Necron","trial","8","100","7.x 黃金的遺產 (Dawntrail)","1","13","138.8","100","3","13","5","True","True","True","完整"
"aglaia","華麗的閃光","Aglaia","raid","24","90","6.x 曉月之終途 (Endwalker)","3","10","39","100","4","10","4","False","True","True","完整"
"aitiascope","因果視鏡","The Aitiascope","dungeon","4","89","6.x 曉月之終途 (Endwalker)","3","12","25.8","100","3","12","5","False","True","True","完整"
"akadaemia_anyder","終古學院","Akadaemia Anyder","dungeon","4","80","5.x 漆黑的反叛者 (Shadowbringers)","3","11","25","100","3","11","6","False","True","True","完整"
"akh_afah_amphitheatre_extreme","永生圓劇場 神壇殲殛戰 - 希瓦","The Akh Afah Amphitheatre (Extreme) - Shiva","trial","8","50","2.x 重生之境 (A Realm Reborn)","1","11","43.6","100","5","12","5","True","True","True","完整"
"akh_afah_amphitheatre_hard","永生圓劇場 神壇殲滅戰 - 希瓦","The Akh Afah Amphitheatre (Hard) - Shiva","trial","8","50","2.x 重生之境 (A Realm Reborn)","1","9","37.6","100","4","9","4","True","True","True","完整"
"ala_mhigo","阿拉米格","Ala Mhigo","dungeon","4","70","4.x 紅蓮之狂潮 (Stormblood)","3","17","34.5","94.1","4","19","5","False","True","True","完整"
"alexander_-_the_arm_of_the_father","亞歷山大 起源之章 3","Alexander - The Arm of the Father","raid","8","60","3.x 蒼穹的禁城 (Heavensward)","1","5","120.2","80","3","5","1","False","True","True","完整"
"alexander_-_the_arm_of_the_father_savage","亞歷山大零式 起源之章 3 (零式)","Alexander - The Arm of the Father (Savage)","raid","8","60","3.x 蒼穹的禁城 (Heavensward)","1","5","40.8","100","7","5","4","False","True","True","完整"
"alexander_-_the_arm_of_the_son","亞歷山大 律動之章 3","Alexander - The Arm of the Son","raid","8","60","3.x 蒼穹的禁城 (Heavensward)","1","8","54","100","3","8","1","False","True","True","完整"
"alexander_-_the_arm_of_the_son_savage","亞歷山大零式 律動之章 3 (零式)","Alexander - The Arm of the Son (Savage)","raid","8","60","3.x 蒼穹的禁城 (Heavensward)","1","5","42.4","100","5","5","4","False","True","True","完整"
"alexander_-_the_breath_of_the_creator","亞歷山大 天動之章 2","Alexander - The Breath of the Creator","raid","8","60","3.x 蒼穹的禁城 (Heavensward)","1","4","40","100","5","4","2","False","True","True","完整"
"alexander_-_the_breath_of_the_creator_savage","亞歷山大零式 天動之章 2 (零式)","Alexander - The Breath of the Creator (Savage)","raid","8","60","3.x 蒼穹的禁城 (Heavensward)","1","19","102.3","100","3","19","2","False","True","True","完整"
"alexander_-_the_burden_of_the_father","亞歷山大 起源之章 4","Alexander - The Burden of the Father","raid","8","60","3.x 蒼穹的禁城 (Heavensward)","1","4","40.2","100","5","4","2","False","True","True","完整"
"alexander_-_the_burden_of_the_father_savage","亞歷山大零式 起源之章 4 (零式)","Alexander - The Burden of the Father (Savage)","raid","8","60","3.x 蒼穹的禁城 (Heavensward)","1","8","40.6","100","3","8","0","False","True","True","完整"
"alexander_-_the_burden_of_the_son","亞歷山大 律動之章 4","Alexander - The Burden of the Son","raid","8","60","3.x 蒼穹的禁城 (Heavensward)","4","27","102.6","96.3","4","27","7","False","True","True","完整"
"alexander_-_the_burden_of_the_son_savage","亞歷山大零式 律動之章 4 (零式)","Alexander - The Burden of the Son (Savage)","raid","8","60","3.x 蒼穹的禁城 (Heavensward)","4","16","32.2","81.2","4","16","0","False","True","True","完整"
"alexander_-_the_cuff_of_the_father","亞歷山大 起源之章 2","Alexander - The Cuff of the Father","raid","8","60","3.x 蒼穹的禁城 (Heavensward)","1","4","41","100","4","4","3","False","True","True","完整"
"alexander_-_the_cuff_of_the_father_savage","亞歷山大 邪龍之手零式 1","Alexander - The Cuff of the Father (Savage)","raid","8","60","3.x 蒼穹的禁城 (Heavensward)","1","6","29.5","100","5","6","5","False","True","True","完整"
"alexander_-_the_cuff_of_the_son","亞歷山大 機神之手 2","Alexander - The Cuff of the Son","raid","8","60","3.x 蒼穹的禁城 (Heavensward)","1","5","35.8","100","5","5","3","False","True","True","完整"
"alexander_-_the_cuff_of_the_son_savage","亞歷山大零式 律動之章 2 (零式)","Alexander - The Cuff of the Son (Savage)","raid","8","60","3.x 蒼穹的禁城 (Heavensward)","4","24","40.1","95.8","4","24","0","False","True","True","完整"
"alexander_-_the_eyes_of_the_creator","亞歷山大 天動之章 1","Alexander - The Eyes of the Creator","raid","8","60","3.x 蒼穹的禁城 (Heavensward)","1","4","41.5","100","5","4","1","False","True","True","完整"
"alexander_-_the_eyes_of_the_creator_savage","亞歷山大零式 天動之章 1 (零式)","Alexander - The Eyes of the Creator (Savage)","raid","8","60","3.x 蒼穹的禁城 (Heavensward)","2","7","50.9","100","3","7","0","False","True","True","完整"
"alexander_-_the_fist_of_the_father","亞歷山大 起源之章 1","Alexander - The Fist of the Father","raid","8","60","3.x 蒼穹的禁城 (Heavensward)","2","8","51.5","100","3","8","1","False","True","True","完整"
"alexander_-_the_fist_of_the_father_savage","亞歷山大零式 起源之章 1 (零式)","Alexander - The Fist of the Father (Savage)","raid","8","60","3.x 蒼穹的禁城 (Heavensward)","2","12","48.4","100","3","12","0","False","True","True","完整"
"alexander_-_the_fist_of_the_son","亞歷山大 機神之拳 1","Alexander - The Fist of the Son","raid","8","60","3.x 蒼穹的禁城 (Heavensward)","1","4","41.2","100","5","4","4","False","True","True","完整"
"alexander_-_the_fist_of_the_son_savage","亞歷山大零式 律動之章 1 (零式)","Alexander - The Fist of the Son (Savage)","raid","8","60","3.x 蒼穹的禁城 (Heavensward)","2","10","56.2","100","3","10","1","False","True","True","完整"
"alexander_-_the_heart_of_the_creator","亞歷山大 天動之章 3","Alexander - The Heart of the Creator","raid","8","60","3.x 蒼穹的禁城 (Heavensward)","1","7","92.3","85.7","3","7","1","False","True","True","完整"
"alexander_-_the_heart_of_the_creator_savage","亞歷山大零式 天動之章 3 (零式)","Alexander - The Heart of the Creator (Savage)","raid","8","60","3.x 蒼穹的禁城 (Heavensward)","1","5","137.8","100","3","5","0","False","True","True","完整"
"alexander_-_the_soul_of_the_creator","亞歷山大 天動之章 4","Alexander - The Soul of the Creator","raid","8","60","3.x 蒼穹的禁城 (Heavensward)","1","17","116.4","88.2","3","17","2","False","True","True","完整"
"alexander_-_the_soul_of_the_creator_savage","亞歷山大零式 天動之章 4 (零式)","Alexander - The Soul of the Creator (Savage)","raid","8","60","3.x 蒼穹的禁城 (Heavensward)","1","21","137.3","81","3","21","2","False","True","True","完整"
"alexandria","亞歷山德里亞","Alexandria","dungeon","4","99","7.x 黃金的遺產 (Dawntrail)","3","22","38.8","95.5","3","31","6","False","True","True","完整"
"alphascape_v10","歐米茄秘境 阿爾法區","Alphascape V1.0","raid","8","70","4.x 紅蓮之狂潮 (Stormblood)","1","5","39.2","100","5","5","1","False","True","True","完整"
"alphascape_v10_savage","歐米茄秘境 阿爾法區零式1","Alphascape V1.0 (Savage)","raid","8","70","4.x 紅蓮之狂潮 (Stormblood)","1","8","49.8","100","8","8","1","False","True","True","完整"
"alphascape_v20","歐米茄秘境 阿爾法區 V2.0","Alphascape V2.0","raid","8","70","4.x 紅蓮之狂潮 (Stormblood)","1","7","48.3","100","5","7","0","False","True","True","完整"
"alphascape_v20_savage","歐米茄秘境 阿爾法區零式2","Alphascape V2.0 (Savage)","raid","8","70","4.x 紅蓮之狂潮 (Stormblood)","1","7","45.1","100","7","8","3","False","True","True","完整"
"alphascape_v30","歐米茄秘境 阿爾法區 V3.0","Alphascape V3.0","raid","8","70","4.x 紅蓮之狂潮 (Stormblood)","1","11","47.5","90.9","5","11","5","False","True","True","完整"
"alphascape_v30_savage","歐米茄秘境 阿爾法區零式3","Alphascape V3.0 (Savage)","raid","8","70","4.x 紅蓮之狂潮 (Stormblood)","1","8","52.5","100","8","9","4","False","True","True","完整"
"alphascape_v40","歐米茄秘境 阿爾法區 V4.0","Alphascape V4.0","raid","8","70","4.x 紅蓮之狂潮 (Stormblood)","1","15","37.3","100","5","15","4","False","True","True","完整"
"alphascape_v40_savage","歐米茄秘境 阿爾法區零式4","Alphascape V4.0 (Savage)","raid","8","70","4.x 紅蓮之狂潮 (Stormblood)","3","11","36.8","100","8","12","7","False","True","True","完整"
"alzadaals_legacy","阿爾扎達爾遺產","Alzadaal's Legacy (Duty)","dungeon","4","90","6.x 曉月之終途 (Endwalker)","3","14","91.8","100","3","14","2","False","True","True","完整"
"amaurot","亞馬羅特","Amaurot","dungeon","4","79","5.x 漆黑的反叛者 (Shadowbringers)","3","11","25.1","100","3","11","6","False","True","True","完整"
"amdapor_keep","安達普爾要塞","Amdapor Keep","dungeon","4","50","2.x 重生之境 (A Realm Reborn)","3","17","67.9","88.2","3","17","0","False","True","True","完整"
"amdapor_keep_hard","邪教駐地無限城古堡（零式）","Amdapor Keep (Hard)","dungeon","4","60","3.x 蒼穹的禁城 (Heavensward)","3","11","47","81.8","4","14","4","False","True","True","完整"
"anabaseios_the_eleventh_circle","萬魔殿 天獄之闕3","Anabaseios: The Eleventh Circle","raid","8","90","6.x 曉月之終途 (Endwalker)","1","5","41","80","5","5","0","False","True","True","完整"
"anabaseios_the_eleventh_circle_savage","萬魔殿 天獄之闕零式3","Anabaseios: The Eleventh Circle (Savage)","raid","8","90","6.x 曉月之終途 (Endwalker)","1","12","51.2","100","8","15","4","False","True","True","完整"
"anabaseios_the_ninth_circle","萬魔殿 天獄之闕1","Anabaseios: The Ninth Circle","raid","8","90","6.x 曉月之終途 (Endwalker)","1","6","29.8","100","5","6","3","False","True","True","完整"
"anabaseios_the_ninth_circle_savage","萬魔殿 天獄之闕零式1","Anabaseios: The Ninth Circle (Savage)","raid","8","90","6.x 曉月之終途 (Endwalker)","1","11","49.4","100","8","13","6","False","True","True","完整"
"anabaseios_the_tenth_circle","萬魔殿 天獄之闕2","Anabaseios: The Tenth Circle","raid","8","90","6.x 曉月之終途 (Endwalker)","1","6","28","100","6","6","2","False","True","True","完整"
"anabaseios_the_tenth_circle_savage","萬魔殿 天獄之闕零式2","Anabaseios: The Tenth Circle (Savage)","raid","8","90","6.x 曉月之終途 (Endwalker)","1","12","51.5","100","8","16","5","False","True","True","完整"
"anabaseios_the_twelfth_circle","萬魔殿 天獄之闕4","Anabaseios: The Twelfth Circle","raid","8","90","6.x 曉月之終途 (Endwalker)","1","6","34.3","100","6","6","2","False","True","True","完整"
"anabaseios_the_twelfth_circle_savage","萬魔殿 天獄之闕零式4","Anabaseios: The Twelfth Circle (Savage)","raid","8","90","6.x 曉月之終途 (Endwalker)","2","20","52.7","100","11","25","9","False","True","True","完整"
"anamnesis_anyder","回憶之海","Anamnesis Anyder","dungeon","4","80","5.x 漆黑的反叛者 (Shadowbringers)","3","10","39.2","100","3","10","5","False","True","True","完整"
"antitower","反塔","The Antitower","dungeon","4","60","3.x 蒼穹的禁城 (Heavensward)","3","12","101.4","100","3","12","4","False","True","True","完整"
"asphodelos_the_first_circle","萬魔殿 邊境之獄1","Asphodelos: The First Circle","raid","8","90","6.x 曉月之終途 (Endwalker)","1","8","29","100","4","10","3","False","True","True","完整"
"asphodelos_the_first_circle_savage","萬魔殿 邊境之獄零式1","Asphodelos: The First Circle (Savage)","raid","8","90","6.x 曉月之終途 (Endwalker)","1","6","34.8","100","3","7","2","False","True","True","完整"
"asphodelos_the_fourth_circle","萬魔殿 邊獄之獄4","Asphodelos: The Fourth Circle","raid","8","90","6.x 曉月之終途 (Endwalker)","1","6","47.7","100","6","6","2","False","True","True","完整"
"asphodelos_the_fourth_circle_savage","萬魔殿 邊獄之獄零式4","Asphodelos: The Fourth Circle (Savage)","raid","8","90","6.x 曉月之終途 (Endwalker)","2","12","51.2","100","10","13","5","False","True","True","完整"
"asphodelos_the_second_circle","萬魔殿 邊獄之獄2","Asphodelos: The Second Circle","raid","8","90","6.x 曉月之終途 (Endwalker)","1","6","26","100","5","6","3","False","True","True","完整"
"asphodelos_the_second_circle_savage","萬魔殿 邊獄之獄零式2","Asphodelos: The Second Circle (Savage)","raid","8","90","6.x 曉月之終途 (Endwalker)","1","9","54.4","100","8","9","3","False","True","True","完整"
"asphodelos_the_third_circle","萬魔殿 邊獄之獄3","Asphodelos: The Third Circle","raid","8","90","6.x 曉月之終途 (Endwalker)","1","6","36.7","100","5","7","3","False","True","True","完整"
"asphodelos_the_third_circle_savage","萬魔殿 邊獄之獄零式3","Asphodelos: The Third Circle (Savage)","raid","8","90","6.x 曉月之終途 (Endwalker)","1","8","48.5","100","8","9","4","False","True","True","完整"
"aurum_vale","黃金谷","The Aurum Vale","dungeon","4","49","2.x 重生之境 (A Realm Reborn)","3","11","114","100","3","11","0","False","True","True","完整"
"a_relic_reborn_the_chimera","奇美拉的重生","A Relic Reborn: The Chimera","dungeon","4","50","2.x 重生之境 (A Realm Reborn)","1","8","100","100","3","8","0","False","True","True","完整"
"a_relic_reborn_the_hydra","海德拉的重生","A Relic Reborn: The Hydra","dungeon","4","50","2.x 重生之境 (A Realm Reborn)","1","8","85","100","3","8","0","False","True","True","完整"
"baelsars_wall","巴埃薩爾長城","Baelsar's Wall","dungeon","4","60","3.x 蒼穹的禁城 (Heavensward)","3","14","69.6","100","3","14","2","False","True","True","完整"
"bardams_mettle","巴爾達姆試煉場","Bardam's Mettle","dungeon","4","65","4.x 紅蓮之狂潮 (Stormblood)","3","21","30.8","100","3","23","4","False","True","True","完整"
"battle_in_the_big_keep","大要塞之戰 - 恩奇都","Battle in the Big Keep - Enkidu","trial","8","50","2.x 重生之境 (A Realm Reborn)","1","20","122.2","100","3","20","3","True","True","True","完整"
"battle_on_the_big_bridge","大橋之戰 - 基爾加美修","Battle on the Big Bridge - Gilgamesh","trial","8","50","2.x 重生之境 (A Realm Reborn)","1","10","119.4","90","3","10","0","True","True","True","完整"
"binding_coil_of_bahamut_-_turn_1","巴哈姆特大迷宮 邂逅之章1","The Binding Coil of Bahamut - Turn 1","raid","8","50","2.x 重生之境 (A Realm Reborn)","2","9","77.1","100","3","9","0","False","True","True","完整"
"binding_coil_of_bahamut_-_turn_2","巴哈姆特大迷宮 邂逅之章2","The Binding Coil of Bahamut - Turn 2","raid","8","50","2.x 重生之境 (A Realm Reborn)","1","6","86.8","100","3","6","1","False","True","True","完整"
"binding_coil_of_bahamut_-_turn_3","巴哈姆特邂逅戰 第 3 層","The Binding Coil of Bahamut - Turn 3","raid","8","50","2.x 重生之境 (A Realm Reborn)","1","6","28.7","100","5","7","4","False","True","True","完整"
"binding_coil_of_bahamut_-_turn_4","巴哈姆特大迷宮 邂逅之章4","The Binding Coil of Bahamut - Turn 4","raid","8","50","2.x 重生之境 (A Realm Reborn)","1","5","27.8","80","4","7","5","False","True","True","完整"
"binding_coil_of_bahamut_-_turn_5","巴哈姆特邂逅戰 第 5 層","The Binding Coil of Bahamut - Turn 5","raid","8","50","2.x 重生之境 (A Realm Reborn)","1","7","34.7","100","7","7","2","False","True","True","完整"
"bowl_of_embers","火光之碗 - 伊弗利特","The Bowl of Embers - Ifrit","trial","8","22","2.x 重生之境 (A Realm Reborn)","1","6","50.7","100","5","13","8","True","True","True","完整"
"bowl_of_embers_extreme","火光之碗 (殲殛戰) - 伊弗利特","The Bowl of Embers (Extreme) - Ifrit","trial","8","50","2.x 重生之境 (A Realm Reborn)","1","12","50.3","100","5","25","17","True","True","True","完整"
"bowl_of_embers_hard","火光之碗 (殲滅戰) - 伊弗利特","The Bowl of Embers (Hard) - Ifrit","trial","8","50","2.x 重生之境 (A Realm Reborn)","1","8","49.9","100","6","18","9","True","True","True","完整"
"brayfloxs_longstop","布雷福洛斯長停","Brayflox's Longstop","dungeon","4","35","2.x 重生之境 (A Realm Reborn)","5","17","85.8","88.2","5","17","2","False","True","True","完整"
"brayfloxs_longstop_hard","布雷福洛斯長停 (困難)","Brayflox's Longstop (Hard)","dungeon","4","50","2.x 重生之境 (A Realm Reborn)","3","9","84.4","100","3","9","1","False","True","True","完整"
"burn","焚毀之家","The Burn","dungeon","4","70","4.x 紅蓮之狂潮 (Stormblood)","3","17","31.3","100","3","17","5","False","True","True","完整"
"castrum_abania","阿巴尼亞要塞","Castrum Abania","dungeon","4","69","4.x 紅蓮之狂潮 (Stormblood)","3","14","41.3","100","3","14","7","False","True","True","完整"
"castrum_fluminis","魔導要塞 - 傑諾斯","Castrum Fluminis - Zenos yae Galvus","trial","4","70","4.x 紅蓮之狂潮 (Stormblood)","1","7","44.1","100","8","12","6","True","True","True","完整"
"castrum_marinum","馬里納姆魔導要塞 - 翠玉神兵","Castrum Marinum - The Emerald Weapon","trial","8","80","5.x 漆黑的反叛者 (Shadowbringers)","1","7","42.7","100","8","7","3","True","True","True","完整"
"castrum_marinum_extreme","馬里納姆魔導要塞 (殲殛戰) - 翠玉神兵","Castrum Marinum (Extreme) - The Emerald Weapon","trial","8","80","5.x 漆黑的反叛者 (Shadowbringers)","1","8","44.8","87.5","8","8","4","True","True","True","完整"
"castrum_meridianum","皇都梅利提敦 - 終焉之劍 阿爾忒馬武器","Castrum Meridianum - Ultima Weapon","trial","8","50","2.x 重生之境 (A Realm Reborn)","3","16","93","100","3","16","4","True","True","True","完整"
"chrysalis","蛹 - 那布里亞勒斯","The Chrysalis - Nabriales","trial","8","50","2.x 重生之境 (A Realm Reborn)","1","7","46.4","100","8","13","8","True","True","True","完整"
"cinder_drift","餘燼飄渺 - 紅寶石神兵","Cinder Drift - The Ruby Weapon","trial","8","80","5.x 漆黑的反叛者 (Shadowbringers)","1","8","43.1","87.5","9","8","5","True","True","True","完整"
"cinder_drift_extreme","餘燼飄渺 (殲殛戰) - 紅寶石神兵","Cinder Drift (Extreme) - The Ruby Weapon","trial","8","80","5.x 漆黑的反叛者 (Shadowbringers)","1","9","45.9","100","9","9","5","True","True","True","完整"
"cloud_deck","天雲甲板 - 鑽石神兵","The Cloud Deck - The Diamond Weapon","trial","8","80","5.x 漆黑的反叛者 (Shadowbringers)","1","7","43","100","8","7","4","True","True","True","完整"
"cloud_deck_extreme","天雲甲板 (殲殛戰) - 鑽石神兵","The Cloud Deck (Extreme) - The Diamond Weapon","trial","8","80","5.x 漆黑的反叛者 (Shadowbringers)","1","8","42.9","100","8","8","5","True","True","True","完整"
"clyteum","克麗提姆","The Clyteum","dungeon","4","100","7.x 黃金的遺產 (Dawntrail)","3","21","97.7","100","3","21","5","False","True","True","完整"
"containment_bay_p1t6","兵器隔離倉 P1T6 - 祖爾宛","Containment Bay P1T6 - Zurvan","trial","8","60","3.x 蒼穹的禁城 (Heavensward)","1","8","128.6","100","3","8","0","True","True","True","完整"
"containment_bay_p1t6_extreme","兵器隔離倉 P1T6 殲殛戰 - 祖爾宛","Containment Bay P1T6 (Extreme) - Zurvan","trial","8","60","3.x 蒼穹的禁城 (Heavensward)","1","8","36.1","100","3","8","0","True","True","True","完整"
"containment_bay_s1t7","兵器隔離倉 S1T7 - 薩菲洛特","Containment Bay S1T7 - Sephirot","trial","8","60","3.x 蒼穹的禁城 (Heavensward)","1","7","40.7","100","4","7","1","True","True","True","完整"
"containment_bay_s1t7_extreme","兵器隔離倉 S1T7 殲殛戰 - 薩菲洛特","Containment Bay S1T7 (Extreme) - Sephirot","trial","8","60","3.x 蒼穹的禁城 (Heavensward)","1","8","43.4","100","3","8","2","True","True","True","完整"
"containment_bay_z1t9","兵器隔離倉 Z1T9 - 索菲婭","Containment Bay Z1T9 - Sophia","trial","8","60","3.x 蒼穹的禁城 (Heavensward)","1","16","131.4","81.2","3","16","1","True","True","True","完整"
"containment_bay_z1t9_extreme","兵器隔離倉 Z1T9 (殲殛戰) - 索菲婭","Containment Bay Z1T9 (Extreme) - Sophia","trial","8","60","3.x 蒼穹的禁城 (Heavensward)","1","17","44.6","82.4","9","30","11","True","True","True","完整"
"copied_factory","複製工廠廢墟","The Copied Factory","alliance","24","80","5.x 漆黑的反叛者 (Shadowbringers)","4","42","38.6","100","4","45","12","False","True","True","完整"
"copperbell_mines","銅鈴銅山","Copperbell Mines","dungeon","4","20","2.x 重生之境 (A Realm Reborn)","3","11","78","81.8","3","11","3","False","True","True","完整"
"copperbell_mines_hard","銅鈴銅山（零式）","Copperbell Mines (Hard)","dungeon","4","50","2.x 重生之境 (A Realm Reborn)","3","10","40.5","90","3","12","8","False","True","True","完整"
"crown_of_the_immaculate","純白王冠 - 純潔少年","The Crown of the Immaculate - Innocence","trial","8","79","5.x 漆黑的反叛者 (Shadowbringers)","1","8","44.6","100","8","8","3","True","True","True","完整"
"crown_of_the_immaculate_extreme","純白王冠 (殲殛戰) - 純潔少年","The Crown of the Immaculate (Extreme) - Innocence","trial","8","80","5.x 漆黑的反叛者 (Shadowbringers)","1","9","43.4","88.9","7","9","5","True","True","True","完整"
"cutters_cry","科特之嚎","Cutter's Cry","dungeon","4","41","2.x 重生之境 (A Realm Reborn)","3","15","94","86.7","3","15","0","False","True","True","完整"
"dancing_plague","舞蹈瘟疫 - 緹坦妮婭","The Dancing Plague - Titania","trial","8","70","5.x 漆黑的反叛者 (Shadowbringers)","1","8","43.4","100","8","9","5","True","True","True","完整"
"dancing_plague_extreme","舞蹈瘟疫 (殲殛戰) - 緹坦妮婭","The Dancing Plague (Extreme) - Titania","trial","8","70","5.x 漆黑的反叛者 (Shadowbringers)","1","8","44.5","87.5","7","9","6","True","True","True","完整"
"dark_inside","黑暗深淵 - 索德雷恩","The Dark Inside - Zodiark","trial","8","89","6.x 曉月之終途 (Endwalker)","1","6","30.3","100","5","6","2","True","True","True","完整"
"dead_ends","末日終焉之地","The Dead Ends","dungeon","4","89","6.x 曉月之終途 (Endwalker)","3","15","34.5","100","3","18","6","False","True","True","完整"
"deltascape_v10","歐米茄秘境 三角區 V1.0","Deltascape V1.0","raid","8","70","4.x 紅蓮之狂潮 (Stormblood)","1","12","34.2","100","4","12","4","False","True","True","完整"
"deltascape_v10_savage","歐米茄秘境 三角區零式1","Deltascape V1.0 (Savage)","raid","8","70","4.x 紅蓮之狂潮 (Stormblood)","1","8","60","100","8","9","3","False","True","True","完整"
"deltascape_v20","歐米茄秘境 三角區 二層","Deltascape V2.0","raid","8","70","4.x 紅蓮之狂潮 (Stormblood)","1","5","35.8","100","5","5","0","False","True","True","完整"
"deltascape_v20_savage","歐米茄秘境 三角區零式2","Deltascape V2.0 (Savage)","raid","8","70","4.x 紅蓮之狂潮 (Stormblood)","1","11","47.4","100","10","12","3","False","True","True","完整"
"deltascape_v30","歐米茄秘境 三角區 V3.0","Deltascape V3.0","raid","8","70","4.x 紅蓮之狂潮 (Stormblood)","1","14","49.3","100","6","14","2","False","True","True","完整"
"deltascape_v30_savage","歐米茄秘境 三角區零式3","Deltascape V3.0 (Savage)","raid","8","70","4.x 紅蓮之狂潮 (Stormblood)","1","10","82.7","100","9","10","3","False","True","True","完整"
"deltascape_v40","歐米茄秘境 三角區 四層","Deltascape V4.0","raid","8","70","4.x 紅蓮之狂潮 (Stormblood)","1","5","39.8","100","5","5","1","False","True","True","完整"
"deltascape_v40_savage","歐米茄秘境 三角區零式4","Deltascape V4.0 (Savage)","raid","8","70","4.x 紅蓮之狂潮 (Stormblood)","2","11","70.8","100","9","15","6","False","True","True","完整"
"dohn_mheg","頓魅鎮","Dohn Mheg","dungeon","4","74","5.x 漆黑的反叛者 (Shadowbringers)","3","15","55.7","100","3","37","13","False","True","True","完整"
"doma_castle","多瑪城","Doma Castle","dungeon","4","67","4.x 紅蓮之狂潮 (Stormblood)","3","10","36","100","3","10","5","False","True","True","完整"
"dragonsongs_reprise_ultimate","幻想龍詩絕境戰","Dragonsong's Reprise (Ultimate)","ultimate","8","90","6.x 曉月之終途 (Endwalker)","6","32","43.3","100","6","42","15","False","True","True","完整"
"dragons_neck","龍頸要塞 - 堤豐","The Dragon's Neck - Typhon","trial","8","50","2.x 重生之境 (A Realm Reborn)","1","12","77.9","100","3","12","1","True","True","True","完整"
"drowned_city_of_skalla","水沒都市斯卡拉","The Drowned City of Skalla","dungeon","4","69","4.x 紅蓮之狂潮 (Stormblood)","3","10","37.1","100","3","10","5","False","True","True","完整"
"dun_scaith","聖闇的反逆者敦斯凱","Dun Scaith","alliance","24","60","3.x 蒼穹的禁城 (Heavensward)","5","40","88.4","82.5","5","40","6","False","True","True","完整"
"dusk_vigil","黎明哨塔","The Dusk Vigil","dungeon","4","51","3.x 蒼穹的禁城 (Heavensward)","3","15","28.7","100","3","17","9","False","True","True","完整"
"dying_gasp","垂死掙扎 - 哈帝斯","The Dying Gasp - Hades","trial","8","80","5.x 漆黑的反叛者 (Shadowbringers)","1","10","47.2","80","9","10","6","True","True","True","完整"
"dzemael_darkhold","蛇女郊野澤梅爾要塞","Dzemael Darkhold","dungeon","4","44","2.x 重生之境 (A Realm Reborn)","3","10","39.1","100","3","10","7","False","True","True","完整"
"edens_gate_descent","希望樂土的伊甸 共鳴2","Eden's Gate: Descent","raid","8","80","5.x 漆黑的反叛者 (Shadowbringers)","1","6","42.2","100","5","6","1","False","True","True","完整"
"edens_gate_descent_savage","希望樂土的伊甸 共鳴零式2","Eden's Gate: Descent (Savage)","raid","8","80","5.x 漆黑的反叛者 (Shadowbringers)","1","12","36.3","100","8","13","4","False","True","True","完整"
"edens_gate_inundation","希望樂土的伊甸 共鳴3","Eden's Gate: Inundation","raid","8","80","5.x 漆黑的反叛者 (Shadowbringers)","1","6","29.3","100","5","6","2","False","True","True","完整"
"edens_gate_inundation_savage","希望樂土的伊甸 共鳴零式3","Eden's Gate: Inundation (Savage)","raid","8","80","5.x 漆黑的反叛者 (Shadowbringers)","1","11","49.5","100","8","13","5","False","True","True","完整"
"edens_gate_resurrection","希望樂土的伊甸 共鳴1","Eden's Gate: Resurrection","raid","8","80","5.x 漆黑的反叛者 (Shadowbringers)","1","6","44.8","100","5","6","2","False","True","True","完整"
"edens_gate_resurrection_savage","希望樂土的伊甸 共鳴零式1","Eden's Gate: Resurrection (Savage)","raid","8","80","5.x 漆黑的反叛者 (Shadowbringers)","1","15","43.7","100","9","15","9","False","True","True","完整"
"edens_gate_sepulture","希望樂土的伊甸 共鳴4","Eden's Gate: Sepulture","raid","8","80","5.x 漆黑的反叛者 (Shadowbringers)","1","7","35","100","6","7","3","False","True","True","完整"
"edens_gate_sepulture_savage","希望樂土的伊甸 共鳴零式4","Eden's Gate: Sepulture (Savage)","raid","8","80","5.x 漆黑的反叛者 (Shadowbringers)","1","15","51.4","100","8","19","6","False","True","True","完整"
"edens_promise_anamorphosis","希望樂土的伊甸 再生3","Eden's Promise: Anamorphosis","raid","8","80","5.x 漆黑的反叛者 (Shadowbringers)","1","5","44.2","100","5","5","2","False","True","True","完整"
"edens_promise_anamorphosis_savage","希望樂土的伊甸 再生零式3","Eden's Promise: Anamorphosis (Savage)","raid","8","80","5.x 漆黑的反叛者 (Shadowbringers)","1","10","56","100","9","12","3","False","True","True","完整"
"edens_promise_eternity","希望樂土的伊甸 再生4","Eden's Promise: Eternity","raid","8","80","5.x 漆黑的反叛者 (Shadowbringers)","2","8","49.5","100","8","8","3","False","True","True","完整"
"edens_promise_eternity_savage","希望樂土的伊甸 再生零式4","Eden's Promise: Eternity (Savage)","raid","8","80","5.x 漆黑的反叛者 (Shadowbringers)","2","22","51.5","100","14","26","9","False","True","True","完整"
"edens_promise_litany","希望樂土的伊甸 再生2","Eden's Promise: Litany","raid","8","80","5.x 漆黑的反叛者 (Shadowbringers)","1","6","29.2","100","5","6","2","False","True","True","完整"
"edens_promise_litany_savage","希望樂土的伊甸 再生零式2","Eden's Promise: Litany (Savage)","raid","8","80","5.x 漆黑的反叛者 (Shadowbringers)","1","14","42.7","92.9","10","15","3","False","True","True","完整"
"edens_promise_umbra","希望樂土的伊甸 再生1","Eden's Promise: Umbra","raid","8","80","5.x 漆黑的反叛者 (Shadowbringers)","1","6","30.2","100","5","6","4","False","True","True","完整"
"edens_promise_umbra_savage","希望樂土的伊甸 再生零式1","Eden's Promise: Umbra (Savage)","raid","8","80","5.x 漆黑的反叛者 (Shadowbringers)","1","12","41.4","100","8","12","5","False","True","True","完整"
"edens_verse_fulmination","希望樂土的伊甸 變律1","Eden's Verse: Fulmination","raid","8","80","5.x 漆黑的反叛者 (Shadowbringers)","1","6","39.3","83.3","5","6","2","False","True","True","完整"
"edens_verse_fulmination_savage","希望樂土的伊甸 變律零式1","Eden's Verse: Fulmination (Savage)","raid","8","80","5.x 漆黑的反叛者 (Shadowbringers)","1","10","49.7","100","8","12","6","False","True","True","完整"
"edens_verse_furor","希望樂土的伊甸 變律2","Eden's Verse: Furor","raid","8","80","5.x 漆黑的反叛者 (Shadowbringers)","3","8","28.2","100","6","8","3","False","True","True","完整"
"edens_verse_furor_savage","希望樂土的伊甸 變律零式2","Eden's Verse: Furor (Savage)","raid","8","80","5.x 漆黑的反叛者 (Shadowbringers)","3","14","41.9","100","8","14","4","False","True","True","完整"
"edens_verse_iconoclasm","希望樂土的伊甸 變律3","Eden's Verse: Iconoclasm","raid","8","80","5.x 漆黑的反叛者 (Shadowbringers)","1","6","27.2","83.3","6","6","3","False","True","True","完整"
"edens_verse_iconoclasm_savage","希望樂土的伊甸 變律零式3","Eden's Verse: Iconoclasm (Savage)","raid","8","80","5.x 漆黑的反叛者 (Shadowbringers)","1","16","44.5","100","8","17","7","False","True","True","完整"
"edens_verse_refulgence","希望樂土的伊甸 變律4","Eden's Verse: Refulgence","raid","8","80","5.x 漆黑的反叛者 (Shadowbringers)","1","5","57.6","100","5","6","3","False","True","True","完整"
"edens_verse_refulgence_savage","希望樂土的伊甸 變律零式4","Eden's Verse: Refulgence (Savage)","raid","8","80","5.x 漆黑的反叛者 (Shadowbringers)","1","13","64.1","100","9","21","6","False","True","True","完整"
"emanation","輝光放射 - 拉克什米","Emanation - Lakshmi","trial","8","64","4.x 紅蓮之狂潮 (Stormblood)","1","9","37","100","7","14","6","True","True","True","完整"
"emanation_extreme","輝光放射 (殲殛戰) - 拉克什米","Emanation (Extreme) - Lakshmi","trial","8","70","4.x 紅蓮之狂潮 (Stormblood)","1","10","42.3","100","8","16","8","True","True","True","完整"
"epic_of_alexander_ultimate","亞歷山大絕境戰","The Epic of Alexander (Ultimate)","ultimate","8","80","5.x 漆黑的反叛者 (Shadowbringers)","4","23","44.7","95.7","5","39","8","False","True","True","完整"
"euphrosyne","歡愉之庭","Euphrosyne","raid","24","90","6.x 曉月之終途 (Endwalker)","3","10","26.2","100","4","10","5","False","True","True","完整"
"everkeep","佐拉加殲滅戰 - 佐拉加","Everkeep - Zoraal Ja","trial","8","100","7.x 黃金的遺產 (Dawntrail)","1","18","40.2","100","6","20","7","True","True","True","完整"
"everkeep_extreme","佐拉加殲殛戰 - 佐拉加","Everkeep (Extreme) - Zoraal Ja","trial","8","100","7.x 黃金的遺產 (Dawntrail)","1","21","46.6","95.2","7","32","7","True","True","True","完整"
"fell_court_of_troia","特洛伊亞之邪宮","The Fell Court of Troia","dungeon","4","92","6.x 曉月之終途 (Endwalker)","3","12","26.4","100","3","12","7","False","True","True","完整"
"final_coil_of_bahamut_-_turn_1","巴哈姆特真源戰 第 1 層","The Final Coil of Bahamut - Turn 1","raid","8","50","2.x 重生之境 (A Realm Reborn)","1","6","27.5","100","6","6","1","False","True","True","完整"
"final_coil_of_bahamut_-_turn_2","巴哈姆特大迷宮 真源之章2","The Final Coil of Bahamut - Turn 2","raid","8","50","2.x 重生之境 (A Realm Reborn)","1","8","39.2","100","3","8","1","False","True","True","完整"
"final_coil_of_bahamut_-_turn_3","巴哈姆特大迷宮 真源之章3","The Final Coil of Bahamut - Turn 3","raid","8","50","2.x 重生之境 (A Realm Reborn)","1","8","39.6","100","3","8","0","False","True","True","完整"
"final_coil_of_bahamut_-_turn_4","巴哈姆特大迷宮 真源之章4","The Final Coil of Bahamut - Turn 4","raid","8","50","2.x 重生之境 (A Realm Reborn)","1","13","150.8","100","3","13","2","False","True","True","完整"
"final_day","終末之歌 - 終末之歌詠者","The Final Day - The Endsinger","trial","8","90","6.x 曉月之終途 (Endwalker)","1","7","41.1","100","8","7","3","True","True","True","完整"
"final_steps_of_faith","信念終途 - 尼德霍格","The Final Steps of Faith - Nidhogg","trial","8","60","3.x 蒼穹的禁城 (Heavensward)","1","23","41","100","9","39","19","True","True","True","完整"
"fractal_continuum","次元邊境遺跡","The Fractal Continuum","dungeon","4","60","3.x 蒼穹的禁城 (Heavensward)","4","9","54.7","100","4","9","3","False","True","True","完整"
"fractal_continuum_hard","次元邊境遺跡（零式）","The Fractal Continuum (Hard)","dungeon","4","70","4.x 紅蓮之狂潮 (Stormblood)","3","17","35.6","100","3","20","5","False","True","True","完整"
"futures_rewritten_ultimate","光暗未來絕境戰","Futures Rewritten (Ultimate)","ultimate","8","100","7.x 黃金的遺產 (Dawntrail)","6","43","44.2","97.7","7","66","16","False","True","True","完整"
"ghimlyt_dark","基姆利特暗黑地","The Ghimlyt Dark","dungeon","4","70","4.x 紅蓮之狂潮 (Stormblood)","3","21","32.7","90.5","3","21","7","False","True","True","完整"
"gilded_araya","鍍金之朝 - 阿修羅","The Gilded Araya - Asura","trial","8","90","6.x 曉月之終途 (Endwalker)","1","12","89","100","3","12","3","True","True","True","完整"
"gilded_araya_2","鍍金之朝 (重置) - 阿修羅","The Gilded Araya - Asura","trial","8","90","6.x 曉月之終途 (Endwalker)","1","12","89","100","3","12","3","True","True","True","完整"
"grand_cosmos","古宇宙","The Grand Cosmos","dungeon","4","80","5.x 漆黑的反叛者 (Shadowbringers)","3","10","37.8","100","3","10","6","False","True","True","完整"
"great_gubal_library","古巴爾大圖書館","The Great Gubal Library","dungeon","4","59","3.x 蒼穹的禁城 (Heavensward)","3","14","34","100","3","15","3","False","True","True","完整"
"great_gubal_library_hard","古巴爾大圖書館 (困難)","The Great Gubal Library (Hard)","dungeon","4","60","3.x 蒼穹的禁城 (Heavensward)","3","15","64.9","80","3","15","5","False","True","True","完整"
"great_hunt","大狩獵 - 雄火龍","The Great Hunt - Rathalos","trial","8","70","4.x 紅蓮之狂潮 (Stormblood)","1","7","35.6","100","9","10","2","True","True","True","完整"
"great_hunt_extreme","大狩獵 (殲殛戰) - 雄火龍","The Great Hunt (Extreme) - Rathalos","trial","4","70","4.x 紅蓮之狂潮 (Stormblood)","1","8","35","100","7","11","4","True","True","True","完整"
"halatali","哈利塔利","Halatali","dungeon","4","24","2.x 重生之境 (A Realm Reborn)","4","13","52.6","84.6","4","13","5","False","True","True","完整"
"halatali_hard","哈拉塔利（零式）","Halatali (Hard)","dungeon","4","50","2.x 重生之境 (A Realm Reborn)","3","12","45.8","83.3","3","12","2","False","True","True","完整"
"haukke_manor","豪奇澤宅邸","Haukke Manor","dungeon","4","31","2.x 重生之境 (A Realm Reborn)","3","10","26","100","3","10","7","False","True","True","完整"
"haukke_manor_hard","豪奇澤宅邸 (困難)","Haukke Manor (Hard)","dungeon","4","50","3.x 蒼穹的禁城 (Heavensward)","3","10","38.7","100","3","10","6","False","True","True","完整"
"hells_kier","地獄魔境 - 朱雀","Hells' Kier - Suzaku","trial","8","70","4.x 紅蓮之狂潮 (Stormblood)","1","8","37.9","100","8","10","3","True","True","True","完整"
"hells_kier_extreme","地獄魔境 (殲殛戰) - 朱雀","Hells' Kier (Extreme) - Suzaku","trial","8","70","4.x 紅蓮之狂潮 (Stormblood)","1","9","35","100","8","12","4","True","True","True","完整"
"hells_lid","地獄之蓋","Hells' Lid","dungeon","4","69","4.x 紅蓮之狂潮 (Stormblood)","3","10","39.3","100","3","10","5","False","True","True","完整"
"hell_on_rails","地獄列車","Hell on Rails","dungeon","4","100","7.x 黃金的遺產 (Dawntrail)","1","6","41.5","83.3","4","7","3","False","True","True","完整"
"hell_on_rails_extreme","地獄列車 (殲殛戰) - 末日列車","Hell on Rails (Extreme) - Doomtrain","trial","8","100","7.x 黃金的遺產 (Dawntrail)","1","7","39.9","85.7","8","7","3","True","True","True","完整"
"heroes_gauntlet","勇者試煉","The Heroes' Gauntlet","dungeon","4","81","5.x 漆黑的反叛者 (Shadowbringers)","3","12","39.3","100","3","12","6","False","True","True","完整"
"holminster_switch","霍爾敏斯特轉乘站","Holminster Switch","dungeon","4","71","5.x 漆黑的反叛者 (Shadowbringers)","3","10","30.5","100","3","10","5","False","True","True","完整"
"howling_eye","咆嘯之眼 (Garuda 討伐) - 迦樓羅","The Howling Eye - Garuda","trial","8","46","2.x 重生之境 (A Realm Reborn)","1","10","39","100","4","11","5","True","True","True","完整"
"howling_eye_extreme","風颶之眼 (殲殛戰) - 迦樓羅","The Howling Eye (Extreme) - Garuda","trial","8","50","2.x 重生之境 (A Realm Reborn)","1","16","38.3","100","7","32","14","True","True","True","完整"
"howling_eye_hard","咆嘯之眼 (Garuda 殲滅戰) - 迦樓羅","The Howling Eye (Hard) - Garuda","trial","8","50","2.x 重生之境 (A Realm Reborn)","1","9","43.7","100","4","13","7","True","True","True","完整"
"hullbreaker_isle","破船島","Hullbreaker Isle","dungeon","4","50","2.x 重生之境 (A Realm Reborn)","3","16","25.6","100","3","16","2","False","True","True","完整"
"hullbreaker_isle_hard","破船島 (困難)","Hullbreaker Isle (Hard)","dungeon","4","60","3.x 蒼穹的禁城 (Heavensward)","5","18","57.8","88.9","5","18","9","False","True","True","完整"
"ihuykatumu","伊烏伊卡圖姆","Ihuykatumu","dungeon","4","92","7.x 黃金的遺產 (Dawntrail)","3","16","42.1","100","3","22","6","False","True","True","完整"
"interphos","永恆之女王 - 永恆女王斯費納","Interphos - Queen Eternal (Sphene)","trial","8","100","7.x 黃金的遺產 (Dawntrail)","1","8","43.4","100","8","8","6","True","True","True","完整"
"jade_stoa","翡翠之亭 - 白虎","The Jade Stoa - Byakko","trial","8","70","4.x 紅蓮之狂潮 (Stormblood)","1","19","38.2","100","9","33","13","True","True","True","完整"
"jade_stoa_extreme","翡翠之亭 (極) - 白虎","The Jade Stoa (Extreme) - Byakko","trial","8","70","4.x 紅蓮之狂潮 (Stormblood)","1","6","32.7","100","4","6","3","True","True","True","完整"
"jeuno_the_first_walk","朱諾：第一巡行","Jeuno: The First Walk","alliance","24","100","7.x 黃金的遺產 (Dawntrail)","3","37","120.6","100","3","37","12","False","True","True","完整"
"keeper_of_the_lake","湖底洞穴庫珥座之底","The Keeper of the Lake","dungeon","4","50","2.x 重生之境 (A Realm Reborn)","3","11","36.2","100","3","11","7","False","True","True","完整"
"ktisis_hyperboreia","創造之地","Ktisis Hyperboreia","dungeon","4","88","6.x 曉月之終途 (Endwalker)","3","10","27.4","100","3","10","4","False","True","True","完整"
"kugane_castle","九古納城","Kugane Castle","dungeon","4","70","4.x 紅蓮之狂潮 (Stormblood)","3","10","40.2","100","3","10","8","False","True","True","完整"
"kugane_ohashi","九古納大橋 - 悅","Kugane Ohashi - Yotsuyu (Magitek)","trial","8","70","4.x 紅蓮之狂潮 (Stormblood)","1","7","36.3","100","8","8","1","True","True","True","完整"
"labyrinth_of_the_ancients","古代迷宮","Labyrinth of the Ancients","raid","24","50","2.x 重生之境 (A Realm Reborn)","4","12","27.9","100","5","12","7","False","True","True","完整"
"lapis_manalis","拉皮斯·馬納利斯","Lapis Manalis","dungeon","4","91","6.x 曉月之終途 (Endwalker)","3","13","29.8","100","3","13","5","False","True","True","完整"
"limitless_blue_extreme","蒼藍深淵殲殛戰 - 比斯馬克","The Limitless Blue (Extreme) - Bismarck","trial","8","60","3.x 蒼穹的禁城 (Heavensward)","1","11","41.5","100","4","13","8","True","True","True","完整"
"limitless_blue_hard","蒼藍深淵殲滅戰 - 比斯馬克","The Limitless Blue (Hard) - Bismarck","trial","8","53","3.x 蒼穹的禁城 (Heavensward)","1","9","51.9","100","4","10","5","True","True","True","完整"
"lost_city_of_amdapor","失落古都安達普爾","The Lost City of Amdapor","dungeon","4","50","2.x 重生之境 (A Realm Reborn)","3","11","39.5","100","3","11","6","False","True","True","完整"
"lost_city_of_amdapor_hard","失落古都安達普爾 (困難)","The Lost City of Amdapor (Hard)","dungeon","4","60","3.x 蒼穹的禁城 (Heavensward)","3","10","37.8","100","3","10","5","False","True","True","完整"
"lunar_subterrane","月之地殼","The Lunar Subterrane","dungeon","4","91","6.x 曉月之終途 (Endwalker)","3","12","25.7","100","3","12","6","False","True","True","完整"
"malikahs_well","瑪利卡之井","Malikah's Well","dungeon","4","73","5.x 漆黑的反叛者 (Shadowbringers)","3","10","37","100","3","10","4","False","True","True","完整"
"matoyas_relict","瑪托雅遺物","Matoya's Relict","dungeon","4","80","5.x 漆黑的反叛者 (Shadowbringers)","3","10","35.7","100","3","10","7","False","True","True","完整"
"memoria_misera_extreme","苦痛記憶 (殲殛戰) - 瓦里斯","Memoria Misera (Extreme) - Varis yae Galvus","trial","8","80","5.x 漆黑的反叛者 (Shadowbringers)","1","7","42.1","100","7","7","4","True","True","True","完整"
"meso_terminal","中際終端","The Meso Terminal","dungeon","4","100","7.x 黃金的遺產 (Dawntrail)","1","5","39.4","100","4","5","2","False","True","True","完整"
"minstrels_ballad_endsingers_aria","歌頌終末者討滅絕境戰 - 終末之歌詠者","The Minstrel's Ballad: Endsinger's Aria - The Endsinger","trial","8","90","6.x 曉月之終途 (Endwalker)","1","6","33","100","5","6","3","True","True","True","完整"
"minstrels_ballad_hadess_elegy","哈帝斯討滅絕境戰 - 哈帝斯","The Minstrel's Ballad: Hades's Elegy - Hades","trial","8","80","5.x 漆黑的反叛者 (Shadowbringers)","1","6","33.7","100","5","6","4","True","True","True","完整"
"minstrels_ballad_hydaelyns_call","海德林歸來絕境戰 - 海德林","The Minstrel's Ballad: Hydaelyn's Call - Hydaelyn","trial","8","90","6.x 曉月之終途 (Endwalker)","1","9","34.4","100","8","9","4","True","True","True","完整"
"minstrels_ballad_necrons_embrace","尼克倫絕境戰 - 尼克倫","The Minstrel's Ballad: Necron's Embrace - Necron","trial","8","100","7.x 黃金的遺產 (Dawntrail)","1","7","42.7","85.7","7","8","5","True","True","True","完整"
"minstrels_ballad_nidhoggs_rage","尼德霍格憤怒絕嘆殲殛戰 - 尼德霍格","The Minstrel's Ballad: Nidhogg's Rage - Nidhogg","trial","8","60","3.x 蒼穹的禁城 (Heavensward)","1","19","130.7","89.5","3","19","0","True","True","True","完整"
"minstrels_ballad_shinryus_domain","神龍領域絕境戰 - 神龍","The Minstrel's Ballad: Shinryu's Domain - Shinryu","trial","8","70","4.x 紅蓮之狂潮 (Stormblood)","1","30","37.1","100","11","45","15","True","True","True","完整"
"minstrels_ballad_sphenes_burden","斯費納絕境戰 - 永恆女王斯費納","The Minstrel's Ballad: Sphene's Burden - Queen Eternal (Sphene)","trial","8","100","7.x 黃金的遺產 (Dawntrail)","1","7","47.7","100","8","8","6","True","True","True","完整"
"minstrels_ballad_thordans_reign","索爾頓王統治絕嘆殲殛戰 - 騎神托爾丹","The Minstrel's Ballad: Thordan's Reign - King Thordan","trial","8","60","3.x 蒼穹的禁城 (Heavensward)","6","6","148","100","6","6","0","True","True","True","完整"
"minstrels_ballad_tsukuyomis_pain","月夜見討滅絕境戰 - 月夜見","The Minstrel's Ballad: Tsukuyomi's Pain - Tsukuyomi","trial","8","70","4.x 紅蓮之狂潮 (Stormblood)","1","8","43.1","87.5","10","12","5","True","True","True","完整"
"minstrels_ballad_ultimas_bane","究極神兵討滅絕境戰 - 究極神兵","The Minstrel's Ballad: Ultima's Bane - The Ultima Weapon","trial","8","50","2.x 重生之境 (A Realm Reborn)","1","19","40.9","100","9","33","16","True","True","True","完整"
"minstrels_ballad_zodiarks_fall","索德雷恩討滅絕境戰 - 索德雷恩","The Minstrel's Ballad: Zodiark's Fall - Zodiark","trial","8","90","6.x 曉月之終途 (Endwalker)","1","7","41.1","100","8","8","3","True","True","True","完整"
"mistwake","霧之覺醒","Mistwake","dungeon","4","100","7.x 黃金的遺產 (Dawntrail)","3","12","27.8","100","3","12","5","False","True","True","完整"
"mothercrystal","母水晶 - 海德林","The Mothercrystal - Hydaelyn","trial","8","89","6.x 曉月之終途 (Endwalker)","1","8","42.2","87.5","8","8","4","True","True","True","完整"
"mount_ordeals","苦難之山 - 魯比坎特","Mount Ordeals - Rubicante","trial","8","90","6.x 曉月之終途 (Endwalker)","1","7","42.9","100","8","7","3","True","True","True","完整"
"mount_ordeals_extreme","苦難之山 (殲殛戰) - 魯比坎特","Mount Ordeals (Extreme) - Rubicante","trial","8","90","6.x 曉月之終途 (Endwalker)","1","8","41.2","87.5","8","8","5","True","True","True","完整"
"mt_gulg","高格山","Mt. Gulg","dungeon","4","77","5.x 漆黑的反叛者 (Shadowbringers)","3","12","38","100","3","12","7","False","True","True","完整"
"navel","大地之臍 - 泰坦","The Navel - Titan","trial","8","36","2.x 重生之境 (A Realm Reborn)","1","9","50.7","100","5","10","4","True","True","True","完整"
"navel_extreme","大地之臍 (殲殛戰) - 泰坦","The Navel (Extreme) - Titan","trial","8","50","2.x 重生之境 (A Realm Reborn)","1","16","36","100","8","30","16","True","True","True","完整"
"navel_hard","大地之臍 (殲滅戰) - 泰坦","The Navel (Hard) - Titan","trial","8","50","2.x 重生之境 (A Realm Reborn)","3","14","54.8","100","3","14","4","True","True","True","完整"
"neverreap","永不收穫永世田","Neverreap","dungeon","4","60","3.x 蒼穹的禁城 (Heavensward)","3","10","25.5","100","3","10","5","False","True","True","完整"
"omega_protocol_ultimate","歐米茄絕境驗證戰","The Omega Protocol (Ultimate)","ultimate","8","90","6.x 曉月之終途 (Endwalker)","5","27","45.9","92.6","6","33","5","False","True","True","完整"
"orbonne_monastery","奧爾博奈修道院","The Orbonne Monastery","raid","24","70","4.x 紅蓮之狂潮 (Stormblood)","4","12","39.8","100","5","12","6","False","True","True","完整"
"origenics","歐里傑尼克斯","Origenics","dungeon","4","96","7.x 黃金的遺產 (Dawntrail)","3","20","29.8","100","3","28","7","False","True","True","完整"
"paglthan","帕勒坦","Paglth'an","dungeon","4","80","5.x 漆黑的反叛者 (Shadowbringers)","3","10","37.2","100","3","10","4","False","True","True","完整"
"pharos_sirius","天狼星燈塔","Pharos Sirius","dungeon","4","50","2.x 重生之境 (A Realm Reborn)","5","18","66.4","83.3","5","18","4","False","True","True","完整"
"pharos_sirius_hard","天狼星燈塔（零式）","Pharos Sirius (Hard)","dungeon","4","60","3.x 蒼穹的禁城 (Heavensward)","3","8","50.4","100","3","10","5","False","True","True","完整"
"pool_of_tribute","貢物之池 - 須佐之男","The Pool of Tribute - Susano","trial","8","67","4.x 紅蓮之狂潮 (Stormblood)","1","13","39.9","100","8","22","8","True","True","True","完整"
"pool_of_tribute_extreme","貢物之池 (殲殛戰) - 須佐之男","The Pool of Tribute (Extreme) - Susano","trial","8","70","4.x 紅蓮之狂潮 (Stormblood)","1","12","41.4","100","6","22","8","True","True","True","完整"
"porta_decumana","邊緣禁區 - 究極神兵","Porta Decumana - The Ultima Weapon","trial","8","50","2.x 重生之境 (A Realm Reborn)","1","24","43.1","100","8","34","9","True","True","True","完整"
"praetorium","帝國禁區 - 馬克 II 魔導機甲","The Praetorium - Mark II Magitek Colossus","trial","8","50","2.x 重生之境 (A Realm Reborn)","3","19","88.8","89.5","3","19","4","True","True","True","完整"
"puppets_bunker","傀儡掩體","The Puppets' Bunker","raid","24","80","5.x 漆黑的反叛者 (Shadowbringers)","3","10","37.9","100","4","10","5","False","True","True","完整"
"qitana_ravel","齊塔娜的山谷","The Qitana Ravel","dungeon","4","75","5.x 漆黑的反叛者 (Shadowbringers)","3","12","38.6","100","3","12","8","False","True","True","完整"
"recollection","永恆女王殲滅戰 - 永恆女王斯費納","Recollection - Queen Eternal","trial","8","100","7.x 黃金的遺產 (Dawntrail)","1","19","35.5","94.7","6","24","8","True","True","True","完整"
"recollection_extreme","永恆女王憶想殲殛戰 - 永恆女王斯費納","Recollection (Extreme) - Queen Eternal","trial","8","100","7.x 黃金的遺產 (Dawntrail)","1","28","48.5","100","7","43","11","True","True","True","完整"
"ridorana_lighthouse","里多拉那大燈塔","The Ridorana Lighthouse","raid","24","70","4.x 紅蓮之狂潮 (Stormblood)","4","12","38.3","100","5","12","5","False","True","True","完整"
"royal_city_of_rabanastre","拉巴納斯塔王都","The Royal City of Rabanastre","alliance","24","70","4.x 紅蓮之狂潮 (Stormblood)","4","17","34.9","94.1","4","19","10","False","True","True","完整"
"royal_menagerie","皇家動物園 - 神龍","The Royal Menagerie - Shinryu","trial","8","70","4.x 紅蓮之狂潮 (Stormblood)","1","17","41.5","100","9","29","9","True","True","True","完整"
"saint_mociannes_arboretum","聖莫西安植物園","Saint Mocianne's Arboretum","dungeon","4","60","3.x 蒼穹的禁城 (Heavensward)","3","9","35.1","100","3","10","4","False","True","True","完整"
"saint_mociannes_arboretum_hard","聖莫西安植物園（零式）","Saint Mocianne's Arboretum (Hard)","dungeon","4","70","4.x 紅蓮之狂潮 (Stormblood)","3","19","28.9","100","3","19","6","False","True","True","完整"
"san_doria_the_second_walk","桑多利亞：第二巡行","San d'Oria: The Second Walk","alliance","24","100","7.x 黃金的遺產 (Dawntrail)","4","51","125.5","84.3","4","51","9","False","True","True","完整"
"sastasha","天然要害沙斯塔夏溶洞","Sastasha","dungeon","4","18","2.x 重生之境 (A Realm Reborn)","3","10","27.7","100","3","10","6","False","True","True","完整"
"sastasha_hard","薩斯塔夏溶洞（零式）","Sastasha (Hard)","dungeon","4","50","2.x 重生之境 (A Realm Reborn)","3","9","36.1","100","3","11","8","False","True","True","完整"
"seat_of_sacrifice","犧牲之座 - 光之戰士","The Seat of Sacrifice - The Warrior of Light (Elidibus)","trial","8","80","5.x 漆黑的反叛者 (Shadowbringers)","1","7","30.9","100","7","7","3","True","True","True","完整"
"seat_of_sacrifice_extreme","犧牲之座 (殲殛戰) - 光之戰士","The Seat of Sacrifice (Extreme) - The Warrior of Light (Elidibus)","trial","8","80","5.x 漆黑的反叛者 (Shadowbringers)","1","8","43.8","100","8","8","3","True","True","True","完整"
"second_coil_of_bahamut_-_turn_1","巴哈姆特大迷宮 侵略之章1","The Second Coil of Bahamut - Turn 1","raid","8","50","2.x 重生之境 (A Realm Reborn)","1","8","34","100","3","8","0","False","True","True","完整"
"second_coil_of_bahamut_-_turn_2","巴哈姆特大迷宮 侵略之章2","The Second Coil of Bahamut - Turn 2","raid","8","50","2.x 重生之境 (A Realm Reborn)","1","8","45.1","100","3","8","0","False","True","True","完整"
"second_coil_of_bahamut_-_turn_3","巴哈姆特侵入戰 第 3 層","The Second Coil of Bahamut - Turn 3","raid","8","50","2.x 重生之境 (A Realm Reborn)","1","5","43.2","100","6","5","3","False","True","True","完整"
"second_coil_of_bahamut_-_turn_4","巴哈姆特大迷宮 侵略之章4","The Second Coil of Bahamut - Turn 4","raid","8","50","2.x 重生之境 (A Realm Reborn)","1","8","34","100","3","8","0","False","True","True","完整"
"second_coil_of_bahamut_savage_-_turn_1","巴哈姆特大迷宮 侵略之章1 (零式)","The Second Coil of Bahamut - Turn 1","raid","8","50","2.x 重生之境 (A Realm Reborn)","1","8","34","100","3","8","0","False","True","True","完整"
"second_coil_of_bahamut_savage_-_turn_2","巴哈姆特大迷宮 侵略之章2 (零式)","The Second Coil of Bahamut - Turn 2","raid","8","50","2.x 重生之境 (A Realm Reborn)","1","8","45.1","100","3","8","0","False","True","True","完整"
"second_coil_of_bahamut_savage_-_turn_3","巴哈姆特侵入戰 第 3 層 (零式)","The Second Coil of Bahamut (Savage) - Turn 3","raid","8","50","2.x 重生之境 (A Realm Reborn)","1","5","40","100","5","5","3","False","True","True","完整"
"second_coil_of_bahamut_savage_-_turn_4","巴哈姆特大迷宮 侵略之章4 (零式)","The Second Coil of Bahamut - Turn 4","raid","8","50","2.x 重生之境 (A Realm Reborn)","1","8","34","100","3","8","0","False","True","True","完整"
"shisui_of_the_violet_tides","紫水宮","Shisui of the Violet Tides","dungeon","4","63","4.x 紅蓮之狂潮 (Stormblood)","3","13","71.2","100","4","18","9","False","True","True","完整"
"sigmascape_v10","歐米茄秘境 西格瑪區 V1.0","Sigmascape V1.0","raid","8","70","4.x 紅蓮之狂潮 (Stormblood)","1","6","25.8","100","6","6","3","False","True","True","完整"
"sigmascape_v10_savage","歐米茄秘境 西格瑪區零式1","Sigmascape V1.0 (Savage)","raid","8","70","4.x 紅蓮之狂潮 (Stormblood)","1","7","55.9","100","8","8","2","False","True","True","完整"
"sigmascape_v20","歐米茄秘境 西格瑪區 二層","Sigmascape V2.0","raid","8","70","4.x 紅蓮之狂潮 (Stormblood)","1","5","37","100","5","5","2","False","True","True","完整"
"sigmascape_v20_savage","歐米茄秘境 西格瑪區零式2","Sigmascape V2.0 (Savage)","raid","8","70","4.x 紅蓮之狂潮 (Stormblood)","1","5","63.4","100","7","5","2","False","True","True","完整"
"sigmascape_v30","歐米茄秘境 西格瑪區 三層","Sigmascape V3.0","raid","8","70","4.x 紅蓮之狂潮 (Stormblood)","1","5","33","100","5","5","2","False","True","True","完整"
"sigmascape_v30_savage","歐米茄秘境 西格瑪區零式3","Sigmascape V3.0 (Savage)","raid","8","70","4.x 紅蓮之狂潮 (Stormblood)","1","9","34.8","100","8","9","3","False","True","True","完整"
"sigmascape_v40","歐米茄秘境 西格瑪區 四層","Sigmascape V4.0","raid","8","70","4.x 紅蓮之狂潮 (Stormblood)","2","7","31.7","100","7","7","3","False","True","True","完整"
"sigmascape_v40_savage","歐米茄秘境 西格瑪區零式4","Sigmascape V4.0 (Savage)","raid","8","70","4.x 紅蓮之狂潮 (Stormblood)","2","9","39.8","100","9","9","4","False","True","True","完整"
"singularity_reactor","奇點反應爐 - 騎神托爾丹","The Singularity Reactor - King Thordan","trial","8","60","3.x 蒼穹的禁城 (Heavensward)","1","26","36","100","10","39","18","True","True","True","完整"
"sirensong_sea","海妖之歌","The Sirensong Sea","dungeon","4","61","4.x 紅蓮之狂潮 (Stormblood)","3","12","32.2","100","3","12","3","False","True","True","完整"
"skydeep_cenote","天淵深穴","The Skydeep Cenote","dungeon","4","96","7.x 黃金的遺產 (Dawntrail)","3","22","112.9","100","3","22","5","False","True","True","完整"
"smileton","微笑鎮","Smileton","dungeon","4","87","6.x 曉月之終途 (Endwalker)","3","10","38","100","3","10","5","False","True","True","完整"
"snowcloak","雪斗篷","Snowcloak","dungeon","4","50","2.x 重生之境 (A Realm Reborn)","3","13","84.5","92.3","3","13","2","False","True","True","完整"
"sohm_al","索姆阿爾大山","Sohm Al","dungeon","4","53","3.x 蒼穹的禁城 (Heavensward)","3","14","32.1","100","3","15","8","False","True","True","完整"
"sohm_al_hard","蘇姆艾爾大山 (困難)","Sohm Al (Hard)","dungeon","4","60","3.x 蒼穹的禁城 (Heavensward)","3","17","88.6","100","3","17","2","False","True","True","完整"
"sohr_khai","索爾凱","Sohr Khai","dungeon","4","60","3.x 蒼穹的禁城 (Heavensward)","3","15","85.3","100","3","15","2","False","True","True","完整"
"special_event_i","特別活動 I","Special Event I","trial","8","70","4.x 紅蓮之狂潮 (Stormblood)","1","1","65","100","3","1","0","False","True","True","骨幹"
"special_event_ii","特別活動 II","Special Event II","trial","8","80","5.x 漆黑的反叛者 (Shadowbringers)","1","1","65","100","3","1","0","False","True","True","骨幹"
"stigma_dreamscape","斯提瑪夢境","The Stigma Dreamscape","dungeon","4","90","6.x 曉月之終途 (Endwalker)","3","12","25.2","100","3","12","7","False","True","True","完整"
"stone_vigil","石之家","The Stone Vigil","dungeon","4","44","2.x 重生之境 (A Realm Reborn)","3","10","75.7","90","3","10","1","False","True","True","完整"
"stone_vigil_hard","石之家 (困難)","The Stone Vigil (Hard)","dungeon","4","50","2.x 重生之境 (A Realm Reborn)","3","7","46.7","100","3","7","3","False","True","True","完整"
"storms_crown","風暴之冠 - 芭芭莉西亞","Storm's Crown - Barbariccia","trial","8","90","6.x 曉月之終途 (Endwalker)","1","7","44.3","100","7","7","4","True","True","True","完整"
"storms_crown_extreme","風暴之冠 (極) - 芭芭莉西亞","Storm's Crown (Extreme) - Barbariccia","trial","8","90","6.x 曉月之終途 (Endwalker)","1","5","32.4","100","4","5","1","True","True","True","完整"
"strayborough_deadwalk","迷途亡靈巡步","The Strayborough Deadwalk","dungeon","4","100","7.x 黃金的遺產 (Dawntrail)","3","17","111.6","100","3","17","3","False","True","True","完整"
"striking_tree_extreme","衝擊之樹 (殲殛戰) - 拉姆","The Striking Tree (Extreme) - Ramuh","trial","8","50","2.x 重生之境 (A Realm Reborn)","1","8","139.9","100","3","8","1","True","True","True","完整"
"striking_tree_hard","衝擊之樹 (殲滅戰) - 拉姆","The Striking Tree (Hard) - Ramuh","trial","8","50","2.x 重生之境 (A Realm Reborn)","1","8","132.8","100","3","8","1","True","True","True","完整"
"sunken_temple_of_qarn","卡恩沉沒之廟","The Sunken Temple of Qarn","dungeon","4","38","2.x 重生之境 (A Realm Reborn)","3","14","84.1","100","3","14","4","False","True","True","完整"
"sunken_temple_of_qarn_hard","沉沒神殿庫珥南 (困難)","The Sunken Temple of Qarn (Hard)","dungeon","4","50","2.x 重生之境 (A Realm Reborn)","3","10","38.5","100","3","10","7","False","True","True","完整"
"swallows_compass","燕子方陣","The Swallow's Compass","dungeon","4","70","4.x 紅蓮之狂潮 (Stormblood)","3","15","32.2","86.7","3","15","6","False","True","True","完整"
"syrcus_tower","席爾克斯塔","Syrcus Tower","alliance","24","50","2.x 重生之境 (A Realm Reborn)","4","15","67.4","100","4","15","4","False","True","True","完整"
"tamtara_deepcroft","坦塔拉墓地","The Tam-Tara Deepcroft","dungeon","4","19","2.x 重生之境 (A Realm Reborn)","2","6","77.5","100","3","6","0","False","True","True","完整"
"tamtara_deepcroft_hard","坦塔拉墓地（零式）","The Tam-Tara Deepcroft (Hard)","dungeon","4","50","2.x 重生之境 (A Realm Reborn)","3","9","39.2","88.9","4","10","7","False","True","True","完整"
"temple_of_the_fist","雙拳大廟","The Temple of the Fist","dungeon","4","67","4.x 紅蓮之狂潮 (Stormblood)","3","10","39","100","3","10","6","False","True","True","完整"
"tender_valley","豔翼之野","Tender Valley","dungeon","4","100","7.x 黃金的遺產 (Dawntrail)","3","18","29.7","100","3","21","6","False","True","True","完整"
"thaleia","塔莉亞","Thaleia","raid","24","90","6.x 曉月之終途 (Endwalker)","3","10","26.4","100","4","10","4","False","True","True","完整"
"thok_ast_thok_extreme","托克托克殲殛戰 - 拉瓦納","Thok ast Thok (Extreme) - Ravana","trial","8","60","3.x 蒼穹的禁城 (Heavensward)","1","8","52.5","87.5","5","8","4","True","True","True","完整"
"thok_ast_thok_hard","托克托克殲滅戰 - 拉瓦納","Thok ast Thok (Hard) - Ravana","trial","8","58","3.x 蒼穹的禁城 (Heavensward)","1","12","39.7","100","4","13","4","True","True","True","完整"
"thornmarch_extreme","荊棘進軍 (殲殛戰) - 莫古力賢王","Thornmarch (Extreme) - Good King Moggle Mog XII","trial","8","50","2.x 重生之境 (A Realm Reborn)","1","8","44.1","87.5","3","8","0","True","True","True","完整"
"thornmarch_hard","荊棘進軍 (殲滅戰) - 莫古力賢王","Thornmarch (Hard) - Good King Moggle Mog XII","trial","8","50","2.x 重生之境 (A Realm Reborn)","1","12","58.2","100","8","26","14","True","True","True","完整"
"thousand_maws_of_totorak","托托拉克千獄","The Thousand Maws of Toto-Rak","dungeon","4","27","2.x 重生之境 (A Realm Reborn)","2","5","89.6","100","3","5","0","False","True","True","完整"
"tower_at_paradigms_breach","塔之破滅","The Tower at Paradigm's Breach","raid","24","80","5.x 漆黑的反叛者 (Shadowbringers)","4","12","25.8","100","5","12","5","False","True","True","完整"
"tower_of_babil","巴別塔","The Tower of Babil","dungeon","4","83","6.x 曉月之終途 (Endwalker)","3","9","33.2","100","3","9","3","False","True","True","完整"
"tower_of_zot","佐特塔","The Tower of Zot","dungeon","4","81","6.x 曉月之終途 (Endwalker)","3","9","30.3","100","3","9","3","False","True","True","完整"
"twinning","復製之地","The Twinning","dungeon","4","80","5.x 漆黑的反叛者 (Shadowbringers)","3","10","35.3","100","3","10","6","False","True","True","完整"
"underkeep","地下要塞","The Underkeep","dungeon","4","100","7.x 黃金的遺產 (Dawntrail)","3","13","99.3","100","3","13","5","False","True","True","完整"
"unending_coil_of_bahamut_ultimate","巴哈姆特絕境戰","The Unending Coil of Bahamut (Ultimate)","ultimate","8","70","4.x 紅蓮之狂潮 (Stormblood)","5","41","42.9","95.1","6","87","21","False","True","True","完整"
"unmaking","解構 - 伊努歐","The Unmaking - Enuo","trial","8","100","7.x 黃金的遺產 (Dawntrail)","1","15","95.7","100","3","15","3","True","True","True","完整"
"urths_fount","大地之泉 - 奧丁","Urth's Fount - Odin","trial","8","50","2.x 重生之境 (A Realm Reborn)","1","8","72.8","100","3","8","3","True","True","True","完整"
"vanaspati","瓦那薩巴提","Vanaspati","dungeon","4","85","6.x 曉月之終途 (Endwalker)","3","10","38.1","100","3","10","6","False","True","True","完整"
"vanguard","先鋒","Vanguard","dungeon","4","98","7.x 黃金的遺產 (Dawntrail)","3","20","101.8","100","3","20","7","False","True","True","完整"
"vault","天穹宮","The Vault","dungeon","4","57","3.x 蒼穹的禁城 (Heavensward)","3","16","37.4","81.2","3","16","4","False","True","True","完整"
"voidcast_dais","虛空召喚台 - 戈爾貝薩","The Voidcast Dais - Golbez","trial","8","90","6.x 曉月之終途 (Endwalker)","1","7","45.3","85.7","8","7","4","True","True","True","完整"
"voidcast_dais_extreme","虛空召喚台 (極) - 戈爾貝薩","The Voidcast Dais (Extreme) - Golbez","trial","8","90","6.x 曉月之終途 (Endwalker)","1","6","33.7","100","4","6","3","True","True","True","完整"
"void_ark","虛無方舟","The Void Ark","alliance","24","60","3.x 蒼穹的禁城 (Heavensward)","5","38","118.6","100","5","38","4","False","True","True","完整"
"wanderers_palace","流浪者皇宮","The Wanderer's Palace","dungeon","4","50","2.x 重生之境 (A Realm Reborn)","3","17","100.2","100","3","17","0","False","True","True","完整"
"wanderers_palace_hard","流浪者皇宮 (困難)","The Wanderer's Palace (Hard)","dungeon","4","50","2.x 重生之境 (A Realm Reborn)","3","8","48.1","87.5","3","8","2","False","True","True","完整"
"weapons_refrain_ultimate","究極神兵絕境戰","The Weapon's Refrain (Ultimate)","ultimate","8","70","4.x 紅蓮之狂潮 (Stormblood)","5","35","41.4","97.1","5","57","21","False","True","True","完整"
"weeping_city_of_mhach","慟哭之都姆哈奇","The Weeping City of Mhach","alliance","24","60","3.x 蒼穹的禁城 (Heavensward)","4","13","73.4","84.6","4","13","2","False","True","True","完整"
"whorleater_extreme","海濤戰艦 (殲殛戰) - 利維亞桑","The Whorleater (Extreme) - Leviathan","trial","8","50","2.x 重生之境 (A Realm Reborn)","1","8","29.6","100","3","8","0","True","True","True","完整"
"whorleater_hard","海濤戰艦 (殲滅戰) - 利維亞桑","The Whorleater (Hard) - Leviathan","trial","8","50","2.x 重生之境 (A Realm Reborn)","1","10","42.8","100","8","23","11","True","True","True","完整"
"windurst_the_third_walk","溫達斯：第三巡行","Windurst: The Third Walk","alliance","24","100","7.x 黃金的遺產 (Dawntrail)","4","55","115.2","87.3","4","55","15","False","True","True","完整"
"windward_wilds","西風荒野 - 守護獸阿爾克威爾德","The Windward Wilds - Guardian Arkveld","trial","8","100","7.x 黃金的遺產 (Dawntrail)","1","14","126.7","100","3","14","3","True","True","True","完整"
"windward_wilds_extreme","西風荒野 (殲殛戰) - 瓦利加曼達","The Windward Wilds (Extreme) - Valigarmanda","trial","8","100","7.x 黃金的遺產 (Dawntrail)","1","8","41.2","87.5","8","8","4","True","True","True","完整"
"world_of_darkness","暗之世界","The World of Darkness","alliance","24","50","2.x 重生之境 (A Realm Reborn)","4","22","57.3","86.4","4","22","2","False","True","True","完整"
"worqor_lar_dor","豔翼蛇鳥殲滅戰 - 瓦利加曼達","Worqor Lar Dor - Valigarmanda","trial","8","100","7.x 黃金的遺產 (Dawntrail)","1","20","37.9","100","5","23","9","True","True","True","完整"
"worqor_lar_dor_extreme","豔翼蛇鳥殲殛戰 - 瓦利加曼達","Worqor Lar Dor (Extreme) - Valigarmanda","trial","8","100","7.x 黃金的遺產 (Dawntrail)","1","32","41.9","93.8","6","39","12","True","True","True","完整"
"worqor_zormor","圖拉夜空","Worqor Zormor","dungeon","4","94","7.x 黃金的遺產 (Dawntrail)","3","19","42.1","100","3","24","8","False","True","True","完整"
"wreath_of_snakes","群蛇環繞 - 青龍","The Wreath of Snakes - Seiryu","trial","8","70","4.x 紅蓮之狂潮 (Stormblood)","1","19","51.2","100","9","34","9","True","True","True","完整"
"wreath_of_snakes_extreme","群蛇環繞 (殲殛戰) - 青龍","The Wreath of Snakes (Extreme) - Seiryu","trial","8","70","4.x 紅蓮之狂潮 (Stormblood)","1","13","45.2","100","8","22","8","True","True","True","完整"
"xelphatol","薩烏塞爾巴塔","Xelphatol","dungeon","4","60","3.x 蒼穹的禁城 (Heavensward)","3","15","53.5","80","3","15","4","False","True","True","完整"
"yuweyawata_field_station","尤威亞瓦塔野外實驗場","Yuweyawata Field Station","dungeon","4","100","7.x 黃金的遺產 (Dawntrail)","3","15","28.1","100","3","18","8","False","True","True","完整"
,,,"object",,,,"0","0","0","0","0","0","0","False","False","False","骨幹"
